Workbook
Name Slicer_Country3: #N/A
Name Slicer_Category2: #N/A
Name Slicer_Category: #N/A
Name Slicer_Country: #N/A

Sheet Cleaned_tourism_dataset
A1: Destination_ID | B1: Country | C1: Category | D1: Visitors | E1: Rating | F1: Revenue(in $) | G1: Accommodation_Available | H1: Revenue_Per_Visitor
A2: kuBZRkVsAR | B2: India | C2: Nature | D2: 948853 | E2: 1.32 | F2: 84388.38 | G2: Yes | H2: 0.088937254
A3: aHKUXhjzTo | B3: USA | C3: Historical | D3: 813627 | E3: 2.01 | F3: 802625.6 | G3: No | H3: 0.98647857
A4: dlrdYtJFTA | B4: Brazil | C4: Nature | D4: 508673 | E4: 1.42 | F4: 338777.11 | G4: Yes | H4: 0.66600175
A5: DxmlzdGkHK | B5: Brazil | C5: Historical | D5: 623329 | E5: 1.09 | F5: 295183.6 | G5: Yes | H5: 0.47355987
A6: WJCCQlepnz | B6: France | C6: Cultural | D6: 124867 | E6: 1.43 | F6: 547893.24 | G6: No | H6: 4.246513
A7: IKdhVWFKRc | B7: Egypt | C7: Cultural | D7: 389886 | E7: 2.19 | F7: 943411.34 | G7: Yes | H7: 2.4197107
A8: TKEPcTbQFY | B8: China | C8: Beach | D8: 416933 | E8: 3.92 | F8: 744983.22 | G8: Yes | H8: 1.7868176
A9: TjmJpYuNne | B9: China | C9: Historical | D9: 652046 | E9: 2.5 | F9: 796172.02 | G9: Yes | H9: 1.2210366
A10: OcCopAsiyJ | B10: Australia | C10: Cultural | D10: 59309 | E10: 4.1 | F10: 588988.55 | G10: Yes | H10: 4.246513
A11: pXDJPYzTeU | B11: India | C11: Adventure | D11: 319068 | E11: 1.98 | F11: 239590.44 | G11: No | H11: 0.75090714
A12: dUCLjskBYA | B12: Australia | C12: Urban | D12: 25568 | E12: 4.2 | F12: 941320.46 | G12: Yes | H12: 4.246513
A13: SqaAyIDkbd | B13: China | C13: Cultural | D13: 310407 | E13: 1.76 | F13: 152734.82 | G13: Yes | H13: 0.49204696
... A5990: gHXUrdticm | B5990: France | C5990: Cultural | D5990: 40939 | E5990: 4.65 | F5990: 957026.85 | G5990: Yes | H5990: 4.246513

Sheet Business Insights
A1: The Statistical Format Table
A7: Metric | B7: Column1 | C7: Column2 | D7: Revenue | E7: Visitors | F7: Rating | G7: Revenue_per_visitor
A8: Mean (Average) in $ | D8: =AVERAGE(Cleaned_tourism_dataset!F$2:$F5990) -> 499479.37 | E8: =AVERAGE(Cleaned_tourism_dataset!$D$2:$D$5990) -> 501016.09 | F8: =AVERAGE(Cleaned_tourism_dataset!$E$2:$E$5990) -> 3.0093471 | G8: =AVERAGE(Cleaned_tourism_dataset!$H$2:$H$5990) -> 1.4684431
A9: Median | D9: =MEDIAN(Cleaned_tourism_dataset!$F$5971:$F$5990) -> 402007.08 | E9: =MEDIAN(Cleaned_tourism_dataset!$D$2:$D$5990) -> 500831 | F9: =MEDIAN(Cleaned_tourism_dataset!$E$2:$E$5990) -> 3 | G9: =MEDIAN(Cleaned_tourism_dataset!$H$2:$H$5990) -> 1.0053564
A10: Mode | D10: "No Unique Mode" | E10: {=MODE(Cleaned_tourism_dataset!$D$2:$D$5990)} -> 926326 | F10: {=MODE(Cleaned_tourism_dataset!$E$2:$E$5990)} -> 3.66 | G10: "No Unique Mode " | I10: Correlation Coefficient | J10: {=CORREL('Tourism analysis '!H21:H26,'Tourism analysis '!G21:G26)} -> 0.14963039
A11: Minimum Value | D11: =MIN(Cleaned_tourism_dataset!$F$2:$F$5990) -> 1025.81 | E11: =MIN(Cleaned_tourism_dataset!$D$2:$D$5990) -> 1108 | F11: =MIN(Cleaned_tourism_dataset!$E$2:$E$5990) -> 1 | G11: =MIN(Cleaned_tourism_dataset!$H$2:$H$5990) -> 0.001349714
A12: Maximum Value | D12: =MAX(Cleaned_tourism_dataset!$F$2:$F$5990) -> 999999.49 | E12: =MAX(Cleaned_tourism_dataset!$D$2:$D$5990) -> 999982 | F12: =MAX(Cleaned_tourism_dataset!$E$2:$E$5990) -> 5 | G12: =MAX(Cleaned_tourism_dataset!$H$2:$H$5990) -> 4.246513
A13: Range | D13: =D12-D11 -> 998973.68 | E13: =E12-E11 -> 998874 | F13: =F12-F11 -> 4 | G13: =G12-G11 -> 4.2451633
A14: Variance | D14: =_xlfn.VAR.P(Cleaned_tourism_dataset!$F$2:$F$5990) -> 8.2207948e+10 | E14: =_xlfn.VAR.P(Cleaned_tourism_dataset!$D$2:$D$5990) -> 8.3960337e+10 | F14: =_xlfn.VAR.P(Cleaned_tourism_dataset!$E$2:$E$5990) -> 1.3360656 | G14: =_xlfn.VAR.P(Cleaned_tourism_dataset!$H$2:$H$5990) -> 1.7210206
A15: Standard Deviation | D15: =_xlfn.STDEV.P(Cleaned_tourism_dataset!$F$2:$F$5990) -> 286719.29 | E15: =_xlfn.STDEV.P(Cleaned_tourism_dataset!$D$2:$D$5990) -> 289759.1 | F15: =_xlfn.STDEV.P(Cleaned_tourism_dataset!$E$2:$E$5990) -> 1.155883 | G15: =_xlfn.STDEV.P(Cleaned_tourism_dataset!$H$2:$H$5990) -> 1.3118768
A16: Coefficient of Variation(in %) | D16: =(D15/D8)*100 -> 57.403629 | E16: =(E15/E8)*100 -> 57.834291 | F16: =(F15/F8)*100 -> 38.409761 | G16: =(G15/G8)*100 -> 89.337934
A17: Quartile 1 | D17: =QUARTILE(Cleaned_tourism_dataset!$F$2:$F$5990,1) -> 251410.45 | E17: =QUARTILE(Cleaned_tourism_dataset!$D$2:$D$599045,1) -> 252789 | F17: =QUARTILE(Cleaned_tourism_dataset!$E$2:$E$5990,1) -> 2.01 | G17: =QUARTILE(Cleaned_tourism_dataset!$H$2:$H$5990,1) -> 0.50298509
A18: Quartile 3 | D18: =QUARTILE(Cleaned_tourism_dataset!$F$2:$F$5990,3) -> 742241.24 | E18: =QUARTILE(Cleaned_tourism_dataset!$D$5971:$D$5990,3) -> 743269 | F18: =QUARTILE(Cleaned_tourism_dataset!$E$2:$E$5990,3) -> 4.01 | G18: =QUARTILE(Cleaned_tourism_dataset!$H$2:$H$5990,3) -> 2.0003963
A19: IQR | D19: =D18-D17 -> 490830.79 | E19: =E18-E17 -> 490480 | F19: =F18-F17 -> 2 | G19: =G18-G17 -> 1.4974112
A20: Upper Bound | D20: =D18+(1.5*D19) -> 1478487.4 | E20: =E18+(1.5*E19) -> 1478989 | F20: =F18+(1.5*F19) -> 7.01 | G20: =G18+(1.5*G19) -> 4.246513
A21: Lower Bound | D21: =D17-(1.5*D19) -> -484835.73 | E21: =E17-(1.5*E19) -> -482931 | F21: =F17-(1.5*F19) -> -0.99 | G21: =G17-(1.5*G19) -> -1.7431317
A22: Grand Total | D22: =SUM(Cleaned_tourism_dataset!$F$2:$F$5990) -> 2.9913819e+09 | E22: =SUM(Cleaned_tourism_dataset!$D$2:$D$5990) -> 3000585360 | F22: =AVERAGE(Cleaned_tourism_dataset!$E$2:$E$5990) -> 3.0093471 | G22: =AVERAGE(Cleaned_tourism_dataset!$H$2:$H$5990) -> 1.4684431

Sheet Outlier Treatment validation 
A1: Data with Outliers | C1: Data After Outlier Treatment | D1: Statistical Precision:Normalizing Econom ic Efficeincy by Identifying and Treating High -Yield Business Outliers
A4: Revenue_Per_Visitor | C4: Revenue_Per Visitors
A5: 0.088937254 | C5: 0.088937254
A6: 0.98647857 | C6: 0.98647857
A7: 0.66600175 | C7: 0.66600175
A8: 0.47355987 | C8: 0.47355987
A9: 4.3878146 | C9: 4.246513
A10: 2.4197107 | C10: 2.4197107
A11: 1.7868176 | C11: 1.7868176
A12: 1.2210366 | C12: 1.2210366
A13: 9.9308461 | C13: 4.246513
A14: 0.75090714 | C14: 0.75090714
A15: 36.816351 | C15: 4.246513
A16: 0.49204696 | C16: 0.49204696
... A5993: 23.376899 | C5993: 4.246513

Sheet Tourism analysis 
A1: Global Tourism Performance and Economic Analayis Dashboard
A10: Category | B10: Sum of Revenue(in $) | F10: Country | G10: Sum of Visitors
A11: Adventure | B11: 5.021662e+08 | F11: Australia | G11: 416038005 | J11: Category | K11: Average of Rating
A12: Beach | B12: 4.9724777e+08 | F12: Brazil | G12: 414293518 | J12: Adventure | K12: 3.0088042
A13: Cultural | B13: 5.1813202e+08 | F13: China | G13: 404448372 | J13: Beach | K13: 3.0722846
A14: Historical | B14: 4.8461259e+08 | F14: Egypt | G14: 458573652 | J14: Cultural | K14: 2.9970741
A15: Nature | B15: 4.7726005e+08 | F15: France | G15: 424944621 | J15: Historical | K15: 3.0031388
A16: Urban | B16: 5.1196329e+08 | F16: India | G16: 451083005 | J16: Nature | K16: 2.9781172
F17: USA | G17: 431204187 | J17: Urban | K17: 2.9954573
A19: Country | B19: Average of Revenue(in $)
A20: Australia | B20: 497184.74 | F20: Category | G20: Sum of Visitors | H20: Average of Rating | J20: Country | K20: Average of Revenue_Per_Visitor
A21: Brazil | B21: 508075.24 | F21: Adventure | G21: 528962493 | H21: 3.0088042 | J21: Australia | K21: 1.4883545
A22: China | B22: 494332.98 | F22: Beach | G22: 495111800 | H22: 3.0722846 | J22: Brazil | K22: 1.509165
A23: Egypt | B23: 505038.15 | F23: Cultural | G23: 495834336 | H23: 2.9970741 | J23: China | K23: 1.4404836
A24: France | B24: 479027.59 | F24: Historical | G24: 495958186 | H24: 3.0031388 | J24: Egypt | K24: 1.4907091
A25: India | B25: 507451.23 | F25: Nature | G25: 469346177 | H25: 2.9781172 | J25: France | K25: 1.4305241
A26: USA | B26: 504369.44 | F26: Urban | G26: 515372368 | H26: 2.9954573 | J26: India | K26: 1.468745
J27: USA | K27: 1.4492475

Sheet Tourism Trend Gallery 
A1: Tourism Trends : A Visualization Dashboard
AB66: 0

Sheet Global Tourism dashboard
A1: Global Tourism Intelligence Dashboard

Sheet Sheet1
